,id_dest,H7X001
0,poll_2016_1,33
1,poll_2016_1,21
2,poll_2016_1,1
3,poll_2016_1,42
4,poll_2016_1,271
5,poll_2016_1,55
6,poll_2016_1,34
7,poll_2016_1,21
8,poll_2016_1,31
9,poll_2016_1,32
10,poll_2016_1,233
11,poll_2016_1,33
12,poll_2016_1,35
13,poll_2016_1,38
14,poll_2016_1,28
15,poll_2016_1,39
16,poll_2016_1,96
17,poll_2016_1,31
18,poll_2016_1,17
19,poll_2016_1,17
20,poll_2016_1,33
21,poll_2016_1,37
22,poll_2016_1,202
23,poll_2016_1,23
24,poll_2016_1,13
25,poll_2016_1,2
26,poll_2016_1,22
27,410470016022,17
28,poll_2016_1,7
29,poll_2016_1,38
30,poll_2016_1,50
31,poll_2016_1,14
32,poll_2016_1,2
33,poll_2016_1,49
34,poll_2016_1,8
35,410470016042,122
36,410470016042,146
37,410470016042,62
38,410470016022,51
39,410470016022,174
40,410470016022,81
41,poll_2016_1,74
42,410470016042,59
43,poll_2016_1,57
44,poll_2016_1,42
45,poll_2016_1,44
46,poll_2016_1,40
47,poll_2016_1,16
48,poll_2016_1,56
49,poll_2016_1,60
50,poll_2016_1,40
51,poll_2016_1,34
52,poll_2016_1,94
53,poll_2016_1,72
54,poll_2016_1,23
55,poll_2016_1,35
56,410470016042,83
57,410470016042,485
58,poll_2016_3,53
59,410470016042,19
60,410470016042,51
61,410470016042,456
62,410470016042,71
63,410470016042,154
64,410470016042,94
65,410470016042,27
66,poll_2016_1,79
67,poll_2016_1,27
68,poll_2016_1,26
69,poll_2016_3,21
70,poll_2016_3,22
71,poll_2016_3,56
72,poll_2016_3,19
73,poll_2016_3,31
74,poll_2016_3,6
75,poll_2016_3,18
76,poll_2016_1,37
77,poll_2016_1,43
78,poll_2016_1,50
79,poll_2016_1,40
80,poll_2016_1,25
81,poll_2016_1,80
82,poll_2016_1,28
83,poll_2016_1,35
84,poll_2016_1,193
85,poll_2016_1,87
86,poll_2016_3,6
87,poll_2016_3,24
88,poll_2016_3,27
89,poll_2016_3,29
90,poll_2016_3,5
91,poll_2016_3,50
92,poll_2016_3,32
93,poll_2016_1,16
94,poll_2016_1,233
95,poll_2016_1,39
96,poll_2016_1,17
97,poll_2016_1,24
98,poll_2016_3,47
99,poll_2016_3,43
100,poll_2016_3,57
101,poll_2016_3,13
102,poll_2016_3,35
103,poll_2016_3,77
104,poll_2016_3,45
105,poll_2016_3,1
106,poll_2016_3,13
107,poll_2016_3,31
108,poll_2016_3,13
109,poll_2016_3,151
110,poll_2016_3,33
111,poll_2016_3,11
112,poll_2016_3,18
113,poll_2016_3,50
114,poll_2016_3,41
115,poll_2016_3,19
116,poll_2016_3,22
117,poll_2016_3,24
118,poll_2016_3,28
119,poll_2016_3,121
120,poll_2016_1,2
121,poll_2016_3,73
122,poll_2016_3,10
123,poll_2016_1,16
124,poll_2016_1,20
125,poll_2016_3,48
126,poll_2016_3,22
127,poll_2016_3,18
128,poll_2016_3,37
129,poll_2016_3,35
130,410470016022,90
131,410470016022,503
132,410470016022,30
133,410470016042,6
134,410470016022,249
135,410470016022,384
136,410470016022,103
137,410470016042,212
138,410470016022,177
139,410470016022,223
140,410470016022,79
141,poll_2016_1,134
142,poll_2016_1,84
143,poll_2016_1,107
144,poll_2016_1,31
145,410470016022,25
146,410470016022,78
147,410470016022,38
148,410470016022,64
149,410470016022,47
150,410470016022,282
151,410470016022,64
152,410470016022,65
153,410470016042,139
154,410470016022,120
155,410470016022,125
156,410470016022,87
157,410470016022,39
158,410470016022,41
159,410470016022,78
160,410470016022,48
161,410470016022,172
162,410470016022,111
163,410470016022,30
164,410470016022,16
165,410470016022,75
166,410470016022,211
167,410470016022,6
168,410470016022,2
169,poll_2016_6,13
170,poll_2016_6,5
171,410470016022,46
172,410470016022,66
173,410470016022,122
174,410470016022,41
175,410470016022,245
176,poll_2016_6,240
177,poll_2016_6,63
178,410470016022,64
179,poll_2016_6,132
180,poll_2016_6,8
181,poll_2016_6,5
182,poll_2016_6,28
183,poll_2016_6,27
184,poll_2016_6,62
185,poll_2016_6,23
186,poll_2016_6,80
187,410470016042,248
188,410470016042,169
189,410470016022,7
190,poll_2016_6,27
191,poll_2016_6,372
192,poll_2016_6,194
193,410470016022,68
194,poll_2016_6,21
195,410470016042,202
196,410470016042,178
197,410470016042,31
198,410470016042,121
199,410470016042,9
200,410470016042,679
201,poll_2016_6,100
202,410470016042,7
203,410470016042,136
204,410470016042,4
205,410470016042,70
206,poll_2016_6,19
207,410470016042,99
208,410470016042,51
209,poll_2016_6,86
210,poll_2016_6,635
211,poll_2016_6,20
212,poll_2016_6,10
213,poll_2016_6,109
214,410470016042,30
215,410470016042,25
216,410470016042,1
217,410470016042,19
218,410470016042,60
219,410470016042,6
220,410470016042,24
221,410470016042,39
222,410470016042,33
223,410470016042,99
224,410470016042,60
225,410470016042,248
226,410470016042,3
227,410470016042,80
228,410470016042,46
229,410470016042,87
230,poll_2016_6,34
231,410470016042,64
232,poll_2016_6,465
233,poll_2016_6,66
234,poll_2016_1,49
235,poll_2016_1,62
236,410470016042,40
237,poll_2016_1,47
238,poll_2016_1,38
239,school_523,8
240,school_523,28
241,poll_2016_3,7
242,school_523,81
243,school_523,152
244,school_523,122
245,school_523,83
246,school_523,11
247,school_523,144
248,school_523,52
249,school_523,41
250,school_523,83
251,school_523,10
252,school_523,26
253,school_523,80
254,school_523,181
255,poll_2016_3,55
256,poll_2016_3,48
257,school_523,272
258,school_523,72
259,school_523,78
260,school_523,57
261,school_523,9
262,school_523,13
263,410470021022,40
264,410470021022,87
265,410470021022,29
266,410470021022,94
267,410470021022,67
268,410470021022,50
269,410470021022,39
270,410470021022,31
271,school_523,456
272,school_523,11
273,poll_2016_3,58
274,poll_2016_3,10
275,poll_2016_3,28
276,poll_2016_3,6
277,poll_2016_3,10
278,poll_2016_3,71
279,poll_2016_3,63
280,poll_2016_3,90
281,poll_2016_3,27
282,poll_2016_3,29
283,poll_2016_3,57
284,poll_2016_4,10
285,poll_2016_3,18
286,poll_2016_4,13
287,poll_2016_4,332
288,poll_2016_4,48
289,poll_2016_4,119
290,poll_2016_4,27
291,poll_2016_4,2
292,410470021022,100
293,poll_2016_4,70
294,poll_2016_4,160
295,poll_2016_4,61
296,410470021022,50
297,school_523,107
298,school_523,60
299,school_523,44
300,410470021022,22
301,poll_2016_4,109
302,poll_2016_4,2
303,school_523,86
304,410470021022,143
305,school_523,16
306,410470021022,29
307,poll_2016_3,36
308,poll_2016_3,5
309,poll_2016_3,470
310,poll_2016_3,2
311,poll_2016_4,72
312,poll_2016_3,7
313,poll_2016_3,25
314,poll_2016_4,11
315,poll_2016_3,7
316,poll_2016_6,103
317,410470016042,280
318,410470016042,142
319,410470016042,20
320,410470016042,2
321,410470016042,51
322,410470016022,23
323,410470016022,289
324,410470016022,51
325,410470016022,344
326,410470016022,7
327,410470016022,46
328,410470016022,558
329,410470016022,69
330,poll_2016_6,24
331,410470016022,1
332,poll_2016_6,6
333,poll_2016_6,309
334,410470016042,2
335,410470016042,8
336,410470016042,36
337,poll_2016_6,2
338,poll_2016_6,33
339,poll_2016_6,5
340,school_523,133
341,school_523,49
342,school_523,9
343,school_523,7
344,school_523,10
345,school_523,10
346,school_523,15
347,school_523,1
348,school_523,114
349,poll_2016_6,63
350,poll_2016_6,22
351,school_523,222
352,school_523,2
353,poll_2016_4,50
354,poll_2016_4,134
355,poll_2016_1,51
356,poll_2016_1,57
357,poll_2016_1,91
358,poll_2016_1,4
359,poll_2016_1,48
360,poll_2016_1,37
361,poll_2016_1,264
362,poll_2016_3,85
363,poll_2016_3,64
364,poll_2016_3,127
365,poll_2016_3,31
366,poll_2016_3,338
367,poll_2016_3,154
368,poll_2016_3,14
369,poll_2016_1,519
370,poll_2016_1,80
371,poll_2016_1,83
372,poll_2016_4,9
373,poll_2016_1,208
374,poll_2016_1,146
375,poll_2016_1,31
376,poll_2016_1,30
377,poll_2016_1,33
378,poll_2016_1,24
379,poll_2016_3,27
380,poll_2016_3,2
381,poll_2016_3,316
382,poll_2016_3,79
383,poll_2016_3,169
384,poll_2016_1,19
385,poll_2016_1,1
386,poll_2016_3,71
387,poll_2016_3,71
388,poll_2016_1,31
389,poll_2016_1,40
390,poll_2016_1,26
391,poll_2016_1,4
392,poll_2016_1,18
393,poll_2016_1,50
394,poll_2016_1,34
395,poll_2016_1,54
396,poll_2016_1,1
397,poll_2016_1,2
398,poll_2016_1,42
399,poll_2016_1,32
400,poll_2016_1,47
401,poll_2016_1,37
402,poll_2016_1,40
403,poll_2016_1,26
404,poll_2016_1,59
405,poll_2016_1,130
406,poll_2016_1,15
407,poll_2016_1,19
408,poll_2016_1,44
409,poll_2016_1,97
410,poll_2016_1,11
411,poll_2016_1,12
412,poll_2016_1,12
413,poll_2016_1,4
414,poll_2016_1,71
415,poll_2016_1,37
416,poll_2016_1,27
417,poll_2016_1,31
418,poll_2016_1,274
419,poll_2016_1,88
420,poll_2016_1,55
421,poll_2016_1,32
422,poll_2016_1,8
423,poll_2016_1,5
424,410470016022,13
425,410470016042,76
426,410470016042,195
427,410470016042,398
428,410470016042,66
429,410470016022,157
430,poll_2016_1,58
431,poll_2016_1,49
432,poll_2016_1,254
433,poll_2016_1,96
434,poll_2016_1,23
435,poll_2016_1,52
436,poll_2016_1,126
437,poll_2016_1,61
438,poll_2016_1,33
439,410470016042,51
440,410470016042,133
441,410470016042,37
442,poll_2016_1,8
443,poll_2016_1,30
444,poll_2016_1,25
445,poll_2016_1,71
446,poll_2016_1,47
447,poll_2016_1,93
448,poll_2016_3,39
449,poll_2016_3,30
450,poll_2016_3,20
451,poll_2016_3,35
452,poll_2016_3,43
453,poll_2016_3,47
454,poll_2016_3,42
455,poll_2016_3,18
456,poll_2016_1,12
457,poll_2016_1,31
458,poll_2016_1,22
459,poll_2016_1,47
460,poll_2016_1,77
461,poll_2016_1,39
462,poll_2016_1,49
463,poll_2016_3,36
464,poll_2016_3,46
465,poll_2016_3,11
466,poll_2016_3,17
467,poll_2016_3,4
468,poll_2016_1,48
469,poll_2016_1,32
470,poll_2016_1,4
471,poll_2016_3,40
472,poll_2016_3,226
473,poll_2016_3,24
474,poll_2016_3,11
475,poll_2016_3,8
476,poll_2016_3,213
477,poll_2016_3,24
478,poll_2016_3,23
479,poll_2016_3,30
480,poll_2016_3,33
481,poll_2016_3,20
482,poll_2016_3,49
483,poll_2016_3,32
484,poll_2016_3,22
485,poll_2016_3,16
486,poll_2016_3,35
487,poll_2016_3,10
488,poll_2016_3,10
489,poll_2016_3,217
490,poll_2016_3,42
491,poll_2016_1,33
492,poll_2016_3,15
493,poll_2016_3,31
494,poll_2016_3,23
495,poll_2016_3,37
496,poll_2016_1,10
497,poll_2016_1,42
498,poll_2016_1,24
499,poll_2016_3,19
500,poll_2016_3,9
501,poll_2016_3,13
502,poll_2016_3,27
503,poll_2016_3,35
504,poll_2016_3,35
505,poll_2016_3,35
506,410470016022,14
507,410470016042,131
508,410470016022,25
509,410470016042,33
510,410470016022,47
511,410470016022,43
512,410470016022,117
513,410470016022,30
514,poll_2016_1,25
515,410470016022,17
516,poll_2016_1,44
517,poll_2016_1,72
518,410470016042,34
519,410470016022,251
520,410470016022,3
521,410470016022,424
522,410470016022,53
523,410470016022,217
524,410470016022,3
525,410470016022,55
526,410470016022,59
527,410470016022,42
528,410470016022,25
529,410470016022,36
530,410470016022,90
531,410470016022,59
532,poll_2016_6,15
533,410470016022,146
534,410470016022,71
535,410470016022,7
536,poll_2016_6,12
537,410470016022,35
538,410470016022,13
539,410470016022,19
540,410470016022,59
541,410470016022,53
542,410470016022,58
543,poll_2016_6,71
544,poll_2016_6,61
545,410470016022,252
546,410470016022,152
547,410470016022,11
548,410470016022,17
549,410470016022,55
550,410470016022,297
551,410470016022,129
552,410470016022,60
553,poll_2016_6,50
554,410470016022,40
555,410470016022,435
556,poll_2016_6,38
557,poll_2016_6,178
558,poll_2016_6,39
559,poll_2016_6,67
560,poll_2016_6,173
561,poll_2016_6,5
562,poll_2016_6,8
563,poll_2016_6,120
564,poll_2016_6,7
565,poll_2016_6,9
566,poll_2016_6,77
567,poll_2016_6,60
568,poll_2016_6,180
569,poll_2016_6,322
570,poll_2016_6,96
571,410470016042,10
572,410470016042,57
573,poll_2016_6,14
574,410470016042,144
575,poll_2016_6,423
576,poll_2016_6,26
577,410470016042,41
578,410470016042,460
579,410470016042,515
580,410470016042,17
581,410470016042,93
582,410470016042,351
583,410470016042,135
584,410470016042,14
585,410470016042,23
586,410470016042,54
587,410470016042,589
588,410470016042,61
589,410470016042,13
590,410470016042,57
591,410470016042,34
592,410470016042,10
593,410470016042,56
594,poll_2016_6,150
595,poll_2016_6,22
596,poll_2016_6,18
597,poll_2016_6,2
598,410470016042,11
599,410470016042,350
600,410470016042,295
601,poll_2016_6,29
602,poll_2016_6,1
603,410470016042,103
604,410470016042,46
605,poll_2016_6,55
606,410470016042,69
607,410470016042,146
608,410470016042,55
609,poll_2016_6,47
610,poll_2016_6,79
611,410470016042,5
612,poll_2016_6,250
613,poll_2016_6,210
614,poll_2016_6,23
615,poll_2016_1,70
616,poll_2016_1,47
617,poll_2016_1,66
618,poll_2016_6,27
619,poll_2016_1,356
620,poll_2016_1,62
621,poll_2016_1,65
622,poll_2016_6,883
623,poll_2016_1,5
624,school_523,19
625,school_523,33
626,school_523,29
627,school_523,96
628,school_523,45
629,school_523,439
630,school_523,146
631,school_523,92
632,school_523,90
633,school_523,209
634,school_523,20
635,school_523,13
636,school_523,63
637,school_523,93
638,poll_2016_3,7
639,school_523,13
640,school_523,111
641,school_523,125
642,school_523,30
643,410470021022,251
644,410470021022,33
645,410470021022,20
646,poll_2016_4,24
647,410470021022,39
648,410470021022,14
649,poll_2016_3,12
650,poll_2016_3,22
651,poll_2016_3,13
652,poll_2016_3,36
653,poll_2016_3,43
654,poll_2016_3,32
655,poll_2016_3,19
656,poll_2016_4,13
657,poll_2016_4,188
658,poll_2016_4,14
659,poll_2016_4,35
660,poll_2016_4,60
661,poll_2016_3,358
662,poll_2016_4,40
663,poll_2016_4,58
664,poll_2016_4,59
665,poll_2016_4,20
666,poll_2016_4,13
667,poll_2016_4,129
668,410470021022,88
669,410470021022,81
670,410470021022,107
671,school_523,68
672,school_523,95
673,school_523,21
674,school_523,229
675,school_523,193
676,poll_2016_3,7
677,poll_2016_3,11
678,poll_2016_4,17
679,poll_2016_4,16
680,poll_2016_3,74
681,poll_2016_6,149
682,poll_2016_6,3
683,410470016042,39
684,410470016022,158
685,410470016042,4
686,410470016022,22
687,410470016022,133
688,poll_2016_6,46
689,poll_2016_6,3
690,410470016022,13
691,poll_2016_6,43
692,poll_2016_6,79
693,410470016042,69
694,poll_2016_6,10
695,410470016042,10
696,poll_2016_6,41
697,poll_2016_6,14
698,poll_2016_6,2
699,school_523,11
700,poll_2016_6,30
701,poll_2016_6,53
702,school_523,27
703,school_523,15
704,school_523,27
705,school_523,9
706,school_523,91
707,school_523,11
708,school_523,15
709,school_523,17
710,school_523,2
711,poll_2016_6,275
712,poll_2016_6,18
713,poll_2016_6,33
714,poll_2016_6,134
715,poll_2016_4,29
716,poll_2016_4,2
717,poll_2016_4,146
718,poll_2016_4,12
719,school_523,134
720,school_523,126
721,poll_2016_4,179
722,410470021022,69
723,school_523,4
724,410470021022,25
725,poll_2016_1,90
726,poll_2016_1,14
727,poll_2016_1,32
728,poll_2016_3,21
729,poll_2016_3,71
730,poll_2016_3,28
731,poll_2016_3,363
732,poll_2016_3,32
733,poll_2016_3,50
734,poll_2016_3,21
735,poll_2016_3,77
736,poll_2016_3,74
737,poll_2016_3,86
738,poll_2016_3,9
739,poll_2016_3,9
740,poll_2016_3,28
741,poll_2016_3,32
742,poll_2016_3,31
743,poll_2016_1,2
744,poll_2016_1,285
745,poll_2016_1,28
746,poll_2016_1,430
747,poll_2016_1,15
748,poll_2016_1,246
749,poll_2016_1,72
750,poll_2016_1,6
751,poll_2016_1,4
752,poll_2016_1,201
753,poll_2016_1,88
754,poll_2016_1,17
755,poll_2016_3,35
756,poll_2016_3,12
757,poll_2016_3,129
758,poll_2016_3,42
759,poll_2016_3,25
760,poll_2016_1,25
761,poll_2016_1,15
762,poll_2016_1,18
763,poll_2016_1,134
764,poll_2016_1,13
765,poll_2016_1,18
766,poll_2016_1,48
767,poll_2016_1,32
768,poll_2016_1,26
769,poll_2016_1,32
770,poll_2016_1,44
771,poll_2016_1,89
772,poll_2016_1,13
773,poll_2016_1,13
774,poll_2016_1,13
775,poll_2016_1,17
776,poll_2016_1,29
777,poll_2016_1,24
778,poll_2016_1,90
779,poll_2016_1,5
780,poll_2016_1,20
781,poll_2016_1,24
782,poll_2016_1,20
783,poll_2016_1,43
784,poll_2016_1,45
785,poll_2016_1,4
786,410470016022,3
787,poll_2016_1,149
788,poll_2016_1,80
789,poll_2016_1,97
790,poll_2016_1,31
791,410470016022,95
792,410470016042,89
793,410470016042,130
794,410470016042,69
795,410470016042,302
796,410470016042,47
797,410470016042,15
798,410470016022,513
799,410470016022,149
800,410470016022,69
801,poll_2016_1,56
802,poll_2016_1,28
803,poll_2016_1,43
804,poll_2016_1,39
805,poll_2016_1,148
806,poll_2016_1,45
807,poll_2016_1,15
808,poll_2016_1,19
809,poll_2016_1,73
810,poll_2016_1,55
811,poll_2016_1,113
812,410470016042,297
813,410470016042,274
814,410470016042,50
815,410470016042,20
816,410470016042,41
817,410470016042,12
818,410470016042,224
819,410470016042,69
820,410470016042,45
821,410470016042,91
822,poll_2016_1,472
823,poll_2016_1,214
824,poll_2016_3,13
825,poll_2016_3,57
826,poll_2016_3,35
827,poll_2016_3,42
828,poll_2016_3,33
829,poll_2016_1,44
830,poll_2016_1,33
831,poll_2016_1,26
832,poll_2016_1,27
833,poll_2016_1,49
834,poll_2016_1,80
835,poll_2016_1,58
836,poll_2016_1,7
837,poll_2016_1,7
838,poll_2016_3,73
839,poll_2016_3,49
840,poll_2016_3,11
841,poll_2016_3,6
842,poll_2016_3,12
843,poll_2016_3,43
844,poll_2016_1,37
845,poll_2016_1,46
846,poll_2016_3,1
847,poll_2016_3,1
848,poll_2016_3,44
849,poll_2016_3,75
850,poll_2016_3,68
851,poll_2016_3,36
852,poll_2016_3,155
853,poll_2016_3,57
854,poll_2016_3,16
855,poll_2016_3,134
856,poll_2016_3,28
857,poll_2016_3,30
858,poll_2016_3,21
859,poll_2016_3,28
860,poll_2016_3,10
861,poll_2016_3,32
862,poll_2016_3,26
863,poll_2016_3,8
864,poll_2016_3,15
865,poll_2016_3,23
866,poll_2016_3,17
867,410470016022,58
868,410470016022,91
869,410470016022,433
870,410470016022,61
871,410470016022,14
872,410470016042,2
873,410470016042,1
874,410470016022,272
875,410470016022,11
876,410470016022,14
877,410470016022,82
878,410470016022,182
879,410470016022,86
880,410470016022,23
881,410470016022,94
882,410470016022,77
883,410470016022,73
884,410470016022,26
885,poll_2016_1,38
886,410470016022,25
887,410470016022,36
888,410470016022,15
889,410470016022,32
890,poll_2016_1,44
891,410470016042,61
892,410470016042,29
893,410470016042,131
894,410470016042,86
895,410470016022,104
896,410470016022,35
897,410470016022,36
898,410470016022,388
899,410470016022,7
900,410470016022,245
901,410470016022,208
902,410470016022,199
903,410470016022,2
904,410470016022,74
905,410470016022,11
906,410470016022,88
907,410470016022,33
908,410470016022,19
909,410470016022,276
910,410470016022,77
911,410470016022,61
912,410470016022,40
913,410470016022,217
914,410470016022,20
915,poll_2016_6,63
916,410470016022,85
917,410470016022,117
918,410470016022,40
919,poll_2016_6,628
920,410470016022,148
921,410470016022,31
922,410470016022,1164
923,410470016022,62
924,410470016022,51
925,poll_2016_6,135
926,poll_2016_6,590
927,poll_2016_6,214
928,poll_2016_6,25
929,poll_2016_6,67
930,poll_2016_6,5
931,poll_2016_6,11
932,poll_2016_6,261
933,poll_2016_6,384
934,poll_2016_6,31
935,poll_2016_6,422
936,poll_2016_6,144
937,poll_2016_6,294
938,poll_2016_6,95
939,poll_2016_6,103
940,410470016022,55
941,410470016042,49
942,410470016042,30
943,410470016042,186
944,410470016022,8
945,410470016042,219
946,410470016042,21
947,poll_2016_6,31
948,410470016042,80
949,poll_2016_6,18
950,410470016042,97
951,410470016042,24
952,410470016042,183
953,410470016042,96
954,410470016042,16
955,410470016042,3
956,410470016042,70
957,410470016042,2
958,410470016042,25
959,poll_2016_6,77
960,poll_2016_6,40
961,poll_2016_6,19
962,poll_2016_6,153
963,poll_2016_6,6
964,410470016042,123
965,poll_2016_6,72
966,poll_2016_6,10
967,poll_2016_6,6
968,410470016042,37
969,410470016042,15
970,410470016042,415
971,410470016042,11
972,410470016042,2
973,poll_2016_6,78
974,410470016042,54
975,410470016042,83
976,410470016042,286
977,410470016042,34
978,poll_2016_6,243
979,poll_2016_6,1
980,poll_2016_6,55
981,poll_2016_6,39
982,poll_2016_6,177
983,410470016042,338
984,poll_2016_6,109
985,poll_2016_1,56
986,poll_2016_1,85
987,poll_2016_1,55
988,poll_2016_1,67
989,poll_2016_1,35
990,poll_2016_1,14
991,poll_2016_3,50
992,school_523,4
993,poll_2016_3,27
994,school_523,53
995,school_523,78
996,school_523,24
997,school_523,40
998,school_523,81
999,school_523,51
1000,school_523,17
1001,school_523,5
1002,school_523,24
1003,school_523,80
1004,school_523,14
1005,school_523,32
1006,poll_2016_3,6
1007,poll_2016_3,94
1008,school_523,153
1009,school_523,29
1010,school_523,78
1011,poll_2016_4,183
1012,school_523,189
1013,school_523,42
1014,410470021022,26
1015,poll_2016_4,26
1016,poll_2016_4,117
1017,school_523,376
1018,school_523,10
1019,poll_2016_3,20
1020,poll_2016_3,79
1021,poll_2016_3,192
1022,poll_2016_3,3
1023,poll_2016_3,76
1024,poll_2016_3,28
1025,poll_2016_4,35
1026,poll_2016_4,44
1027,poll_2016_4,73
1028,poll_2016_4,155
1029,poll_2016_4,15
1030,poll_2016_4,273
1031,poll_2016_4,25
1032,poll_2016_4,52
1033,poll_2016_4,41
1034,poll_2016_4,4
1035,poll_2016_4,1
1036,poll_2016_4,32
1037,410470021022,52
1038,poll_2016_4,68
1039,school_523,53
1040,school_523,399
1041,school_523,516
1042,410470021022,184
1043,poll_2016_4,4
1044,poll_2016_4,54
1045,school_523,11
1046,school_523,10
1047,school_523,12
1048,school_523,110
1049,school_523,45
1050,poll_2016_4,6
1051,poll_2016_4,69
1052,poll_2016_3,24
1053,poll_2016_4,340
1054,poll_2016_3,4
1055,poll_2016_4,5
1056,poll_2016_3,4
1057,poll_2016_3,48
1058,poll_2016_6,12
1059,410470016042,14
1060,410470016042,10
1061,poll_2016_6,57
1062,410470016022,1
1063,410470016042,125
1064,410470016042,34
1065,410470016022,56
1066,410470016022,37
1067,410470016022,201
1068,410470016022,18
1069,poll_2016_6,68
1070,poll_2016_6,5
1071,410470016042,21
1072,410470016042,33
1073,410470016042,91
1074,poll_2016_6,10
1075,poll_2016_6,15
1076,poll_2016_6,39
1077,school_523,3
1078,school_523,436
1079,school_523,9
1080,school_523,32
1081,school_523,12
1082,school_523,9
1083,school_523,6
1084,poll_2016_6,22
1085,poll_2016_6,295
1086,poll_2016_6,312
1087,poll_2016_6,17
1088,poll_2016_6,28
1089,school_523,14
1090,poll_2016_4,12
1091,poll_2016_4,104
1092,410470021022,48
1093,school_523,1
1094,poll_2016_4,18
1095,poll_2016_4,32
1096,poll_2016_4,8
1097,school_523,44
1098,poll_2016_1,2
1099,poll_2016_1,75
1100,poll_2016_1,32
1101,poll_2016_1,31
1102,poll_2016_1,230
1103,poll_2016_1,48
1104,poll_2016_1,31
1105,poll_2016_1,49
1106,poll_2016_1,328
1107,poll_2016_3,107
1108,poll_2016_3,64
1109,poll_2016_3,98
1110,poll_2016_3,54
1111,poll_2016_3,51
1112,poll_2016_3,12
1113,poll_2016_3,44
1114,poll_2016_3,162
1115,poll_2016_3,36
1116,poll_2016_3,69
1117,poll_2016_3,39
1118,poll_2016_3,869
1119,poll_2016_3,44
1120,poll_2016_3,592
1121,poll_2016_3,25
1122,poll_2016_3,55
1123,poll_2016_3,83
1124,poll_2016_3,34
1125,poll_2016_1,294
1126,poll_2016_1,77
1127,poll_2016_1,12
1128,poll_2016_1,129
1129,410470016022,38
1130,poll_2016_1,2
1131,poll_2016_3,6
1132,poll_2016_3,7
1133,poll_2016_3,15
1134,poll_2016_3,24
1135,poll_2016_3,84
1136,poll_2016_3,4
1137,poll_2016_3,3
1138,poll_2016_3,24
1139,poll_2016_3,68
1140,poll_2016_3,13
1141,poll_2016_1,34
1142,poll_2016_3,5
1143,poll_2016_1,4
1144,poll_2016_1,91
1145,poll_2016_3,28
1146,poll_2016_3,2
1147,poll_2016_1,134
1148,poll_2016_1,20
1149,poll_2016_1,112
1150,poll_2016_1,37
1151,poll_2016_1,30
1152,poll_2016_1,78
1153,poll_2016_1,86
1154,poll_2016_1,27
1155,poll_2016_1,79
1156,poll_2016_1,32
1157,poll_2016_1,30
1158,poll_2016_1,56
1159,poll_2016_1,63
1160,poll_2016_1,51
1161,poll_2016_1,14
1162,poll_2016_1,40
1163,poll_2016_1,17
1164,poll_2016_1,68
1165,poll_2016_1,19
1166,poll_2016_1,33
1167,poll_2016_1,20
1168,poll_2016_1,189
1169,poll_2016_1,41
1170,poll_2016_1,32
1171,poll_2016_1,11
1172,poll_2016_1,1
1173,poll_2016_1,66
1174,poll_2016_1,2
1175,poll_2016_1,10
1176,poll_2016_1,15
1177,poll_2016_1,26
1178,poll_2016_1,25
1179,poll_2016_1,249
1180,poll_2016_1,44
1181,410470016022,12
1182,poll_2016_1,26
1183,410470016042,36
1184,410470016042,192
1185,410470016042,240
1186,410470016042,9
1187,410470016042,186
1188,410470016042,23
1189,410470016042,218
1190,410470016022,12
1191,410470016042,86
1192,410470016022,154
1193,410470016042,92
1194,410470016022,50
1195,poll_2016_1,14
1196,poll_2016_1,54
1197,poll_2016_1,36
1198,poll_2016_1,42
1199,poll_2016_1,130
1200,poll_2016_1,51
1201,poll_2016_1,39
1202,poll_2016_1,81
1203,poll_2016_1,5
1204,410470016042,53
1205,410470016042,109
1206,410470016042,32
1207,410470016042,54
1208,410470016042,58
1209,410470016042,85
1210,410470016042,456
1211,poll_2016_1,10
1212,poll_2016_1,185
1213,poll_2016_3,29
1214,poll_2016_3,28
1215,poll_2016_3,23
1216,poll_2016_3,29
1217,poll_2016_3,34
1218,poll_2016_3,25
1219,poll_2016_3,11
1220,poll_2016_1,43
1221,poll_2016_1,21
1222,poll_2016_1,25
1223,poll_2016_1,41
1224,poll_2016_1,129
1225,poll_2016_3,27
1226,poll_2016_3,61
1227,poll_2016_3,28
1228,poll_2016_3,40
1229,poll_2016_3,68
1230,poll_2016_3,80
1231,poll_2016_3,46
1232,poll_2016_3,14
1233,poll_2016_3,5
1234,poll_2016_1,132
1235,poll_2016_3,77
1236,poll_2016_1,2
1237,poll_2016_3,24
1238,poll_2016_3,36
1239,poll_2016_3,55
1240,poll_2016_3,81
1241,poll_2016_3,57
1242,poll_2016_3,36
1243,poll_2016_3,296
1244,school_523,30
1245,poll_2016_3,382
1246,poll_2016_3,30
1247,poll_2016_3,5
1248,poll_2016_3,24
1249,poll_2016_3,23
1250,poll_2016_3,21
1251,poll_2016_3,24
1252,poll_2016_3,9
1253,poll_2016_3,7
1254,poll_2016_3,21
1255,poll_2016_3,18
1256,poll_2016_3,25
1257,poll_2016_3,257
1258,poll_2016_3,150
1259,poll_2016_3,643
1260,poll_2016_1,4
1261,poll_2016_1,42
1262,poll_2016_3,17
1263,poll_2016_3,34
1264,poll_2016_3,36
1265,poll_2016_3,12
1266,poll_2016_3,12
1267,poll_2016_3,38
1268,poll_2016_3,38
1269,410470016022,69
1270,410470016022,2
1271,410470016022,65
1272,410470016022,3
1273,410470016022,18
1274,410470016022,79
1275,410470016022,123
1276,410470016022,19
1277,410470016042,39
1278,410470016022,13
1279,410470016022,27
1280,410470016022,114
1281,410470016022,30
1282,410470016022,26
1283,410470016022,28
1284,410470016022,55
1285,poll_2016_1,116
1286,poll_2016_1,60
1287,poll_2016_1,10
1288,410470016042,164
1289,410470016042,104
1290,410470016042,124
1291,410470016042,6
1292,410470016022,518
1293,410470016022,5
1294,410470016022,590
1295,410470016022,31
1296,410470016022,65
1297,410470016022,47
1298,410470016022,23
1299,410470016022,82
1300,410470016022,57
1301,410470016022,42
1302,410470016022,60
1303,410470016022,64
1304,410470016022,752
1305,410470016022,422
1306,410470016022,157
1307,410470016022,46
1308,410470016022,19
1309,410470016022,35
1310,410470016022,64
1311,410470016022,11
1312,410470016022,67
1313,410470016022,43
1314,410470016022,25
1315,410470016022,172
1316,poll_2016_6,56
1317,410470016022,99
1318,410470016022,26
1319,410470016022,66
1320,410470016022,516
1321,poll_2016_6,15
1322,410470016022,29
1323,410470016022,76
1324,poll_2016_6,236
1325,410470016022,53
1326,410470016022,202
1327,poll_2016_6,21
1328,poll_2016_6,8
1329,poll_2016_6,206
1330,poll_2016_6,334
1331,poll_2016_6,100
1332,poll_2016_6,203
1333,poll_2016_6,346
1334,poll_2016_6,63
1335,410470016042,57
1336,410470016042,121
1337,410470016042,55
1338,410470016042,65
1339,410470016022,108
1340,410470016042,44
1341,poll_2016_6,30
1342,poll_2016_6,50
1343,410470016042,272
1344,410470016042,83
1345,410470016042,70
1346,410470016042,65
1347,410470016042,14
1348,410470016042,26
1349,410470016042,35
1350,poll_2016_6,139
1351,410470016042,30
1352,poll_2016_6,79
1353,410470016042,29
1354,poll_2016_6,71
1355,poll_2016_6,102
1356,poll_2016_6,9
1357,410470016042,18
1358,410470016042,32
1359,poll_2016_6,154
1360,poll_2016_6,64
1361,poll_2016_6,6
1362,410470016042,111
1363,410470016042,84
1364,410470016042,22
1365,410470016042,20
1366,410470016042,78
1367,410470016042,45
1368,410470016042,48
1369,410470016042,46
1370,410470016042,504
1371,410470016042,145
1372,410470016042,102
1373,410470016042,76
1374,poll_2016_6,114
1375,poll_2016_6,10
1376,poll_2016_6,1
1377,poll_2016_6,21
1378,410470016042,89
1379,poll_2016_1,20
1380,poll_2016_6,243
1381,poll_2016_6,49
1382,poll_2016_6,170
1383,poll_2016_6,287
1384,poll_2016_1,152
1385,poll_2016_1,50
1386,poll_2016_1,52
1387,poll_2016_1,60
1388,poll_2016_1,13
1389,poll_2016_1,61
1390,poll_2016_1,137
1391,poll_2016_1,31
1392,school_523,428
1393,poll_2016_1,5
1394,school_523,74
1395,school_523,66
1396,poll_2016_3,130
1397,school_523,103
1398,school_523,91
1399,school_523,26
1400,school_523,10
1401,school_523,40
1402,school_523,9
1403,school_523,18
1404,school_523,18
1405,poll_2016_3,1
1406,poll_2016_3,297
1407,poll_2016_3,299
1408,poll_2016_4,171
1409,school_523,19
1410,school_523,29
1411,school_523,83
1412,school_523,32
1413,410470021022,85
1414,school_523,46
1415,410470021022,53
1416,school_523,7
1417,410470021022,62
1418,poll_2016_3,12
1419,poll_2016_3,44
1420,poll_2016_3,24
1421,poll_2016_3,22
1422,poll_2016_4,20
1423,poll_2016_4,1
1424,poll_2016_4,58
1425,poll_2016_4,504
1426,poll_2016_4,2
1427,410470021022,10
1428,410470021022,161
1429,410470021022,181
1430,410470021022,379
1431,410470021022,62
1432,410470021022,121
1433,school_523,469
1434,410470021022,43
1435,school_523,57
1436,410470021022,269
1437,410470021022,5
1438,410470021022,18
1439,poll_2016_4,5
1440,poll_2016_4,62
1441,poll_2016_4,2
1442,poll_2016_4,10
1443,school_523,384
1444,school_523,73
1445,school_523,11
1446,school_523,22
1447,poll_2016_3,22
1448,poll_2016_3,26
1449,poll_2016_3,17
1450,poll_2016_3,4
1451,poll_2016_3,34
1452,poll_2016_3,44
1453,poll_2016_4,8
1454,poll_2016_3,20
1455,poll_2016_3,14
1456,poll_2016_4,7
1457,poll_2016_3,55
1458,poll_2016_4,52
1459,poll_2016_4,12
1460,poll_2016_4,23
1461,poll_2016_3,4
1462,poll_2016_4,9
1463,poll_2016_3,75
1464,poll_2016_6,22
1465,poll_2016_6,16
1466,410470016022,157
1467,410470016042,59
1468,410470016042,24
1469,410470016022,22
1470,410470016022,308
1471,410470016022,10
1472,410470016022,1
1473,410470016022,69
1474,410470016042,100
1475,poll_2016_6,7
1476,410470016022,34
1477,410470016042,4
1478,410470016042,4
1479,410470016022,3
1480,poll_2016_6,1
1481,poll_2016_6,75
1482,410470016042,58
1483,poll_2016_6,39
1484,poll_2016_6,21
1485,410470016042,4
1486,410470016042,25
1487,410470016042,52
1488,410470016042,11
1489,poll_2016_6,83
1490,poll_2016_6,13
1491,poll_2016_6,82
1492,school_523,227
1493,school_523,18
1494,poll_2016_6,18
1495,school_523,126
1496,school_523,13
1497,school_523,16
1498,school_523,3
1499,school_523,25
1500,school_523,10
1501,school_523,13
1502,410470021022,10
1503,school_523,174
1504,poll_2016_6,126
1505,poll_2016_6,35
1506,poll_2016_6,4
1507,poll_2016_6,97
1508,poll_2016_4,28
1509,poll_2016_4,2
1510,school_523,18
1511,school_523,9
1512,410470021022,127
1513,school_523,50
1514,school_523,119
1515,school_523,41
1516,poll_2016_1,42
1517,poll_2016_1,31
1518,poll_2016_1,25
1519,poll_2016_1,40
1520,poll_2016_1,1
1521,poll_2016_1,90
1522,poll_2016_3,273
1523,poll_2016_3,102
1524,poll_2016_3,76
1525,poll_2016_3,44
1526,poll_2016_3,48
1527,poll_2016_3,65
1528,poll_2016_3,93
1529,poll_2016_3,37
1530,poll_2016_3,55
1531,poll_2016_3,13
1532,poll_2016_3,50
1533,poll_2016_3,88
1534,poll_2016_3,272
1535,poll_2016_1,40
1536,poll_2016_3,39
1537,poll_2016_3,193
1538,poll_2016_3,252
1539,poll_2016_3,8
1540,poll_2016_3,345
1541,poll_2016_1,10
1542,poll_2016_1,37
1543,poll_2016_1,50
1544,poll_2016_1,43
1545,poll_2016_1,2
1546,poll_2016_1,206
1547,poll_2016_1,20
1548,poll_2016_1,39
1549,poll_2016_1,37
1550,poll_2016_1,22
1551,poll_2016_1,18
1552,poll_2016_3,4
1553,poll_2016_1,1
1554,poll_2016_3,24
1555,poll_2016_3,10
1556,poll_2016_3,6
1557,poll_2016_3,30
1558,poll_2016_3,30
1559,poll_2016_3,24
1560,poll_2016_3,346
1561,poll_2016_3,161
1562,poll_2016_3,19
1563,poll_2016_3,16
1564,poll_2016_3,102
1565,poll_2016_3,20
1566,poll_2016_1,19
1567,poll_2016_1,4
1568,poll_2016_1,7
1569,poll_2016_1,48
1570,poll_2016_1,69
1571,poll_2016_1,9
1572,poll_2016_1,37
1573,poll_2016_1,131
1574,poll_2016_1,25
1575,poll_2016_1,681
1576,poll_2016_1,32
1577,poll_2016_1,3
1578,poll_2016_1,166
1579,poll_2016_1,13
1580,poll_2016_1,40
1581,poll_2016_1,21
1582,poll_2016_1,54
1583,poll_2016_1,34
1584,poll_2016_1,49
1585,poll_2016_1,28
1586,poll_2016_1,19
1587,poll_2016_1,16
1588,poll_2016_1,38
1589,poll_2016_1,34
1590,poll_2016_1,115
1591,poll_2016_1,12
1592,poll_2016_1,22
1593,poll_2016_1,84
1594,poll_2016_1,5
1595,poll_2016_1,32
1596,poll_2016_1,221
1597,410470016022,232
1598,410470016042,270
1599,410470016042,113
1600,410470016042,19
1601,410470016022,74
1602,410470016042,61
1603,410470016042,72
1604,410470016042,279
1605,410470016042,32
1606,410470016022,29
1607,410470016042,155
1608,410470016022,172
1609,410470016022,73
1610,410470016022,118
1611,poll_2016_1,14
1612,poll_2016_1,35
1613,poll_2016_1,23
1614,poll_2016_1,27
1615,poll_2016_1,51
1616,poll_2016_1,33
1617,poll_2016_1,57
1618,410470016042,4
1619,410470016042,109
1620,410470016042,24
1621,poll_2016_1,2120
1622,poll_2016_1,13
1623,poll_2016_1,120
1624,poll_2016_1,37
1625,poll_2016_1,54
1626,poll_2016_3,47
1627,poll_2016_3,22
1628,poll_2016_3,18
1629,poll_2016_3,18
1630,poll_2016_3,14
1631,poll_2016_3,11
1632,poll_2016_3,13
1633,poll_2016_3,45
1634,poll_2016_3,38
1635,poll_2016_1,47
1636,poll_2016_1,11
1637,poll_2016_1,49
1638,poll_2016_1,46
1639,poll_2016_1,71
1640,poll_2016_3,12
1641,poll_2016_3,25
1642,poll_2016_3,22
1643,poll_2016_3,24
1644,poll_2016_3,1
1645,poll_2016_3,16
1646,poll_2016_3,20
1647,poll_2016_3,41
1648,poll_2016_3,2
1649,poll_2016_1,2
1650,poll_2016_1,13
1651,poll_2016_3,46
1652,poll_2016_3,128
1653,poll_2016_3,90
1654,poll_2016_3,84
1655,poll_2016_3,31
1656,poll_2016_3,173
1657,poll_2016_3,64
1658,poll_2016_3,4
1659,poll_2016_3,6
1660,poll_2016_3,44
1661,poll_2016_1,30
1662,poll_2016_3,28
1663,poll_2016_3,25
1664,poll_2016_3,40
1665,poll_2016_3,118
1666,poll_2016_3,26
1667,poll_2016_3,22
1668,poll_2016_3,7
1669,poll_2016_3,26
1670,poll_2016_3,1
1671,poll_2016_3,750
1672,poll_2016_3,46
1673,poll_2016_1,30
1674,poll_2016_1,85
1675,poll_2016_1,9
1676,poll_2016_3,15
1677,poll_2016_3,26
1678,poll_2016_3,11
1679,poll_2016_3,28
1680,poll_2016_3,28
1681,410470016022,54
1682,410470016022,24
1683,410470016022,190
1684,410470016022,106
1685,410470016022,54
1686,410470016022,32
1687,410470016022,205
1688,410470016022,76
1689,410470016022,54
1690,410470016022,31
1691,poll_2016_1,108
1692,poll_2016_1,35
1693,410470016022,39
1694,poll_2016_1,97
1695,410470016022,127
1696,410470016022,92
1697,410470016042,66
1698,410470016042,121
1699,410470016022,258
1700,410470016022,154
1701,410470016022,16
1702,410470016022,17
1703,410470016022,4
1704,410470016022,59
1705,410470016022,255
1706,410470016022,46
1707,410470016022,67
1708,410470016022,21
1709,410470016022,5
1710,410470016022,14
1711,410470016022,12
1712,410470016022,252
1713,poll_2016_6,115
1714,410470016022,21
1715,poll_2016_6,143
1716,410470016022,37
1717,410470016022,3
1718,410470016022,27
1719,410470016022,185
1720,poll_2016_6,28
1721,poll_2016_6,25
1722,410470016022,72
1723,410470016022,79
1724,poll_2016_6,258
1725,poll_2016_6,53
1726,poll_2016_6,37
1727,poll_2016_6,78
1728,poll_2016_6,138
1729,poll_2016_6,1
1730,poll_2016_6,38
1731,poll_2016_6,15
1732,poll_2016_6,300
1733,poll_2016_6,27
1734,410470016022,7
1735,410470016042,95
1736,410470016042,45
1737,410470016022,10
1738,410470016042,45
1739,410470016042,51
1740,410470016042,85
1741,poll_2016_6,66
1742,poll_2016_6,256
1743,poll_2016_6,89
1744,410470016042,164
1745,poll_2016_6,30
1746,poll_2016_6,531
1747,410470016042,234
1748,410470016042,34
1749,410470016042,107
1750,410470016042,287
1751,410470016042,46
1752,410470016042,8
1753,410470016042,10
1754,410470016042,78
1755,410470016042,9
1756,410470016042,5
1757,410470016042,27
1758,poll_2016_6,61
1759,410470016042,49
1760,410470016042,25
1761,410470016042,30
1762,410470016042,13
1763,410470016042,48
1764,410470016042,80
1765,poll_2016_6,36
1766,poll_2016_6,54
1767,poll_2016_6,51
1768,poll_2016_6,85
1769,poll_2016_6,21
1770,poll_2016_6,59
1771,poll_2016_1,169
1772,poll_2016_6,133
1773,poll_2016_1,6
1774,school_523,114
1775,school_523,50
1776,school_523,6
1777,poll_2016_3,117
1778,school_523,1279
1779,school_523,4
1780,school_523,114
1781,poll_2016_3,39
1782,school_523,71
1783,school_523,28
1784,school_523,88
1785,school_523,88
1786,school_523,37
1787,school_523,30
1788,school_523,74
1789,school_523,28
1790,school_523,60
1791,school_523,8
1792,school_523,15
1793,school_523,92
1794,school_523,25
1795,poll_2016_3,91
1796,poll_2016_4,9
1797,school_523,103
1798,poll_2016_4,79
1799,410470021022,43
1800,410470021022,44
1801,410470021022,30
1802,410470021022,22
1803,poll_2016_3,24
1804,poll_2016_3,10
1805,poll_2016_3,199
1806,poll_2016_3,80
1807,poll_2016_3,38
1808,poll_2016_4,52
1809,poll_2016_4,120
1810,poll_2016_4,489
1811,poll_2016_4,20
1812,poll_2016_4,104
1813,poll_2016_4,19
1814,poll_2016_4,28
1815,poll_2016_4,25
1816,poll_2016_4,634
1817,410470021022,509
1818,poll_2016_4,106
1819,410470021022,62
1820,poll_2016_4,98
1821,poll_2016_4,3
1822,school_523,54
1823,school_523,57
1824,410470021022,67
1825,410470021022,50
1826,poll_2016_4,2
1827,410470021022,26
1828,410470021022,117
1829,school_523,209
1830,410470021022,38
1831,410470021022,32
1832,410470021022,271
1833,school_523,60
1834,poll_2016_3,189
1835,poll_2016_3,6
1836,poll_2016_4,30
1837,poll_2016_4,11
1838,poll_2016_3,32
1839,poll_2016_3,14
1840,poll_2016_4,422
1841,poll_2016_3,10
1842,poll_2016_3,11
1843,poll_2016_3,66
1844,poll_2016_6,301
1845,poll_2016_6,83
1846,410470016042,9
1847,410470016042,41
1848,410470016022,156
1849,410470016022,36
1850,410470016042,72
1851,410470016022,9
1852,410470016022,32
1853,410470016022,167
1854,410470016022,153
1855,410470016022,236
1856,poll_2016_6,26
1857,poll_2016_6,47
1858,410470016022,9
1859,410470016042,2
1860,410470016042,9
1861,poll_2016_6,93
1862,poll_2016_6,30
1863,410470016042,176
1864,410470016042,55
1865,410470016042,169
1866,410470016042,49
1867,poll_2016_6,19
1868,poll_2016_6,16
1869,poll_2016_6,182
1870,school_523,72
1871,school_523,21
1872,school_523,136
1873,school_523,45
1874,school_523,7
1875,school_523,36
1876,school_523,9
1877,school_523,89
1878,school_523,38
1879,school_523,12
1880,school_523,12
1881,school_523,10
1882,school_523,4
1883,school_523,3
1884,school_523,79
1885,school_523,16
1886,school_523,64
1887,poll_2016_4,18
1888,school_523,22
1889,school_523,21
1890,poll_2016_4,6
1891,poll_2016_1,23
1892,poll_2016_1,62
1893,poll_2016_1,78
1894,poll_2016_1,55
1895,poll_2016_1,213
1896,poll_2016_1,30
1897,poll_2016_1,13
1898,poll_2016_1,44
1899,poll_2016_3,705
1900,poll_2016_3,26
1901,poll_2016_3,17
1902,poll_2016_3,367
1903,poll_2016_3,236
1904,poll_2016_3,421
1905,poll_2016_3,43
1906,poll_2016_3,99
1907,poll_2016_1,16
1908,poll_2016_3,3
1909,poll_2016_3,116
1910,poll_2016_3,6
1911,poll_2016_3,74
1912,poll_2016_3,26
1913,poll_2016_3,8
1914,poll_2016_1,35
1915,poll_2016_1,22
1916,poll_2016_1,146
1917,poll_2016_3,16
1918,poll_2016_1,46
1919,poll_2016_1,128
1920,poll_2016_1,13
1921,poll_2016_1,106
1922,poll_2016_1,1
1923,poll_2016_3,148
1924,poll_2016_3,12
1925,poll_2016_3,53
1926,poll_2016_3,20
1927,poll_2016_1,5
1928,poll_2016_1,17
1929,poll_2016_3,4
1930,poll_2016_1,94
1931,poll_2016_1,5
1932,poll_2016_1,15
1933,poll_2016_1,31
1934,poll_2016_1,20
1935,poll_2016_1,23
1936,poll_2016_1,26
1937,poll_2016_1,53
1938,poll_2016_1,75
1939,poll_2016_1,12
1940,poll_2016_1,15
1941,poll_2016_1,4
1942,poll_2016_1,51
1943,poll_2016_1,8
1944,poll_2016_1,28
1945,poll_2016_1,20
1946,poll_2016_1,26
1947,poll_2016_1,30
1948,poll_2016_1,172
1949,poll_2016_1,16
1950,poll_2016_1,21
1951,poll_2016_1,50
1952,poll_2016_1,12
1953,poll_2016_1,30
1954,poll_2016_1,15
1955,poll_2016_1,6
1956,poll_2016_1,19
1957,poll_2016_1,50
1958,poll_2016_1,48
1959,poll_2016_1,48
1960,poll_2016_1,52
1961,poll_2016_1,7
1962,poll_2016_1,35
1963,poll_2016_1,12
1964,poll_2016_1,46
1965,poll_2016_1,22
1966,poll_2016_1,5
1967,poll_2016_1,5
1968,poll_2016_1,32
1969,poll_2016_1,24
1970,poll_2016_1,11
1971,410470016022,26
1972,poll_2016_1,25
1973,410470016022,278
1974,poll_2016_1,12
1975,poll_2016_1,53
1976,410470016042,32
1977,410470016042,44
1978,410470016022,122
1979,410470016022,45
1980,410470016042,104
1981,410470016022,757
1982,410470016022,566
1983,410470016022,104
1984,poll_2016_1,25
1985,poll_2016_1,56
1986,poll_2016_1,56
1987,poll_2016_1,101
1988,poll_2016_1,31
1989,poll_2016_1,11
1990,poll_2016_1,48
1991,poll_2016_1,33
1992,poll_2016_1,49
1993,poll_2016_1,90
1994,poll_2016_1,76
1995,410470016042,108
1996,410470016042,31
1997,410470016042,32
1998,410470016042,24
1999,410470016042,356
2000,410470016042,41
2001,410470016042,52
2002,410470016042,13
2003,410470016042,166
2004,410470016042,91
2005,poll_2016_1,34
2006,poll_2016_1,53
2007,poll_2016_1,50
2008,poll_2016_3,31
2009,poll_2016_3,11
2010,poll_2016_3,19
2011,poll_2016_3,31
2012,poll_2016_3,47
2013,poll_2016_1,24
2014,poll_2016_1,77
2015,poll_2016_1,27
2016,poll_2016_1,27
2017,poll_2016_1,26
2018,poll_2016_1,60
2019,poll_2016_1,82
2020,poll_2016_1,69
2021,poll_2016_1,12
2022,poll_2016_3,11
2023,poll_2016_3,3
2024,poll_2016_3,16
2025,school_523,210
2026,poll_2016_3,9
2027,poll_2016_1,21
2028,poll_2016_3,25
2029,poll_2016_3,146
2030,poll_2016_3,79
2031,poll_2016_3,103
2032,poll_2016_3,39
2033,poll_2016_3,40
2034,school_523,13
2035,poll_2016_3,15
2036,poll_2016_3,171
2037,poll_2016_3,97
2038,poll_2016_3,17
2039,poll_2016_3,17
2040,poll_2016_3,1
2041,poll_2016_3,74
2042,poll_2016_3,63
2043,poll_2016_1,30
2044,poll_2016_1,38
2045,poll_2016_3,24
2046,poll_2016_3,35
2047,poll_2016_3,19
2048,poll_2016_3,31
2049,poll_2016_3,19
2050,poll_2016_3,17
2051,poll_2016_3,64
2052,poll_2016_3,1
2053,poll_2016_3,42
2054,poll_2016_1,267
2055,poll_2016_3,25
2056,poll_2016_3,32
2057,poll_2016_3,13
2058,poll_2016_3,20
2059,poll_2016_3,17
2060,poll_2016_3,14
2061,poll_2016_3,44
2062,poll_2016_3,46
2063,poll_2016_3,46
2064,poll_2016_3,67
2065,410470016022,2
2066,410470016022,6
2067,410470016022,25
2068,410470016022,89
2069,410470016022,29
2070,poll_2016_1,36
2071,410470016022,134
2072,410470016022,12
2073,410470016022,348
2074,410470016022,159
2075,410470016022,66
2076,410470016022,45
2077,410470016022,17
2078,410470016022,79
2079,410470016022,28
2080,poll_2016_1,431
2081,poll_2016_1,101
2082,poll_2016_1,17
2083,410470016022,141
2084,410470016042,407
2085,410470016042,61
2086,410470016042,138
2087,410470016022,44
2088,410470016022,232
2089,410470016022,54
2090,410470016022,42
2091,410470016022,25
2092,410470016022,460
2093,410470016022,79
2094,410470016022,296
2095,410470016022,282
2096,410470016022,78
2097,410470016022,118
2098,410470016022,75
2099,410470016022,197
2100,410470016022,7
2101,410470016042,50
2102,poll_2016_6,39
2103,410470016022,33
2104,410470016022,7
2105,410470016022,68
2106,410470016022,20
2107,410470016022,559
2108,410470016022,62
2109,410470016022,187
2110,410470016022,1
2111,410470016022,155
2112,410470016022,140
2113,poll_2016_6,263
2114,poll_2016_6,29
2115,poll_2016_6,10
2116,poll_2016_6,2
2117,poll_2016_6,3
2118,poll_2016_6,100
2119,poll_2016_6,40
2120,poll_2016_6,58
2121,poll_2016_6,77
2122,410470016042,2
2123,410470016042,41
2124,410470016042,33
2125,410470016042,143
2126,410470016042,16
2127,410470016042,64
2128,410470016042,138
2129,poll_2016_6,155
2130,poll_2016_6,73
2131,410470016042,43
2132,410470016042,140
2133,410470016042,78
2134,410470016042,95
2135,410470016042,4
2136,410470016042,41
2137,410470016042,29
2138,410470016042,12
2139,410470016042,259
2140,poll_2016_6,225
2141,poll_2016_6,11
2142,poll_2016_6,13
2143,poll_2016_6,43
2144,410470016042,35
2145,410470016042,5
2146,poll_2016_6,95
2147,410470016042,790
2148,410470016042,216
2149,410470016042,40
2150,410470016042,4
2151,410470016042,80
2152,410470016042,4
2153,410470016042,183
2154,poll_2016_6,15
2155,poll_2016_6,5
2156,410470016042,49
2157,poll_2016_1,75
2158,poll_2016_6,23
2159,poll_2016_6,165
2160,poll_2016_6,23
2161,poll_2016_6,27
2162,410470016042,61
2163,poll_2016_1,52
2164,poll_2016_1,70
2165,poll_2016_1,87
2166,poll_2016_1,599
2167,poll_2016_3,2
2168,poll_2016_3,5
2169,school_523,351
2170,poll_2016_1,10
2171,school_523,11
2172,school_523,21
2173,school_523,166
2174,school_523,43
2175,school_523,65
2176,school_523,86
2177,school_523,66
2178,school_523,24
2179,school_523,17
2180,school_523,120
2181,school_523,17
2182,school_523,8
2183,school_523,556
2184,poll_2016_3,179
2185,school_523,317
2186,poll_2016_4,152
2187,school_523,24
2188,school_523,48
2189,school_523,42
2190,poll_2016_4,190
2191,poll_2016_3,36
2192,poll_2016_3,69
2193,poll_2016_3,164
2194,poll_2016_3,131
2195,poll_2016_3,8
2196,poll_2016_4,692
2197,poll_2016_4,243
2198,poll_2016_4,34
2199,poll_2016_4,51
2200,poll_2016_4,137
2201,poll_2016_4,81
2202,poll_2016_4,131
2203,poll_2016_4,24
2204,poll_2016_4,442
2205,poll_2016_4,58
2206,410470021022,312
2207,school_523,49
2208,poll_2016_4,85
2209,school_523,3
2210,school_523,77
2211,school_523,75
2212,school_523,20
2213,410470021022,44
2214,410470021022,45
2215,poll_2016_4,15
2216,school_523,205
2217,school_523,376
2218,poll_2016_3,13
2219,poll_2016_3,8
2220,poll_2016_4,23
2221,poll_2016_4,3
2222,poll_2016_3,10
2223,poll_2016_3,9
2224,poll_2016_3,15
2225,poll_2016_3,8
2226,poll_2016_3,5
2227,poll_2016_3,27
2228,poll_2016_4,7
2229,poll_2016_4,52
2230,poll_2016_6,103
2231,410470016042,55
2232,410470016042,322
2233,410470016022,140
2234,410470016022,73
2235,410470016042,6
2236,410470016022,976
2237,poll_2016_6,29
2238,410470016042,21
2239,poll_2016_6,1
2240,poll_2016_6,61
2241,410470016042,60
2242,poll_2016_6,8
2243,poll_2016_6,53
2244,poll_2016_6,4
2245,poll_2016_6,60
2246,poll_2016_6,3
2247,school_523,2
2248,school_523,172
2249,school_523,1
2250,school_523,1
2251,school_523,83
2252,school_523,289
2253,school_523,34
2254,school_523,83
2255,school_523,84
2256,school_523,7
2257,school_523,122
2258,school_523,8
2259,school_523,12
2260,school_523,5
2261,school_523,12
2262,school_523,14
2263,school_523,2
2264,poll_2016_6,2
2265,school_523,21
2266,school_523,51
2267,school_523,30
2268,poll_2016_4,147
2269,poll_2016_4,4
2270,poll_2016_4,2
2271,poll_2016_4,37
2272,poll_2016_1,84
2273,poll_2016_1,27
2274,poll_2016_1,53
2275,poll_2016_1,54
2276,poll_2016_1,35
2277,poll_2016_1,5
2278,poll_2016_3,17
2279,poll_2016_3,12
2280,poll_2016_3,26
2281,poll_2016_3,29
2282,poll_2016_3,16
2283,poll_2016_3,47
2284,poll_2016_3,29
2285,poll_2016_3,95
2286,poll_2016_3,163
2287,poll_2016_3,25
2288,poll_2016_1,7
2289,poll_2016_1,40
2290,poll_2016_1,46
2291,poll_2016_1,40
2292,poll_2016_1,697
2293,poll_2016_1,38
2294,poll_2016_1,119
2295,poll_2016_1,95
2296,poll_2016_1,75
2297,poll_2016_3,219
2298,poll_2016_1,132
2299,poll_2016_1,56
2300,poll_2016_4,55
2301,poll_2016_1,34
2302,poll_2016_3,63
2303,poll_2016_3,117
2304,poll_2016_3,5
2305,poll_2016_3,4
2306,poll_2016_3,87
2307,poll_2016_3,40
2308,poll_2016_3,151
2309,poll_2016_3,9
2310,poll_2016_3,2
2311,poll_2016_3,2
2312,poll_2016_3,40
2313,poll_2016_1,294
2314,poll_2016_1,49
2315,poll_2016_1,17
2316,poll_2016_1,32
2317,poll_2016_1,15
2318,poll_2016_1,106
2319,poll_2016_1,40
2320,poll_2016_1,89
2321,poll_2016_1,34
2322,poll_2016_1,34
2323,poll_2016_1,33
2324,poll_2016_1,9
2325,poll_2016_1,13
2326,poll_2016_1,13
2327,poll_2016_1,33
2328,poll_2016_1,21
2329,poll_2016_1,2
2330,poll_2016_1,27
2331,poll_2016_1,41
2332,poll_2016_1,9
2333,poll_2016_1,128
2334,poll_2016_1,14
2335,poll_2016_1,68
2336,poll_2016_1,49
2337,poll_2016_1,49
2338,poll_2016_1,50
2339,poll_2016_1,24
2340,poll_2016_1,41
2341,poll_2016_1,45
2342,poll_2016_1,41
2343,poll_2016_1,39
2344,poll_2016_1,40
2345,poll_2016_1,42
2346,poll_2016_1,25
2347,poll_2016_1,11
2348,poll_2016_1,16
2349,poll_2016_1,88
2350,poll_2016_1,46
2351,poll_2016_1,24
2352,poll_2016_1,51
2353,poll_2016_1,535
2354,410470016022,21
2355,poll_2016_1,10
2356,poll_2016_1,26
2357,poll_2016_1,43
2358,410470016042,27
2359,410470016042,34
2360,poll_2016_1,16
2361,410470016022,26
2362,410470016042,272
2363,410470016022,133
2364,410470016022,40
2365,410470016042,65
2366,poll_2016_1,236
2367,poll_2016_1,29
2368,poll_2016_1,15
2369,poll_2016_1,61
2370,poll_2016_1,69
2371,poll_2016_1,13
2372,poll_2016_1,46
2373,poll_2016_1,45
2374,poll_2016_1,33
2375,poll_2016_1,28
2376,poll_2016_1,27
2377,poll_2016_1,31
2378,poll_2016_1,26
2379,poll_2016_1,25
2380,poll_2016_1,55
2381,poll_2016_1,56
2382,poll_2016_1,39
2383,410470016042,20
2384,410470016042,24
2385,410470016042,16
2386,410470016042,64
2387,410470016042,36
2388,410470016042,57
2389,poll_2016_1,40
2390,poll_2016_3,253
2391,poll_2016_3,29
2392,poll_2016_3,64
2393,poll_2016_1,45
2394,poll_2016_1,60
2395,poll_2016_1,49
2396,poll_2016_1,25
2397,poll_2016_1,58
2398,poll_2016_3,33
2399,poll_2016_3,14
2400,poll_2016_3,38
2401,poll_2016_3,17
2402,poll_2016_3,29
2403,poll_2016_3,694
2404,school_523,11
2405,poll_2016_3,80
2406,poll_2016_3,36
2407,poll_2016_3,57
2408,poll_2016_3,34
2409,poll_2016_3,26
2410,poll_2016_3,40
2411,poll_2016_3,41
2412,poll_2016_3,58
2413,poll_2016_3,131
2414,poll_2016_3,14
2415,poll_2016_3,23
2416,poll_2016_1,8
2417,poll_2016_3,3
2418,poll_2016_3,97
2419,poll_2016_3,35
2420,poll_2016_3,47
2421,poll_2016_3,25
2422,poll_2016_3,25
2423,poll_2016_3,17
2424,poll_2016_3,20
2425,poll_2016_3,25
2426,poll_2016_3,1
2427,poll_2016_3,2
2428,poll_2016_3,19
2429,poll_2016_1,58
2430,poll_2016_1,12
2431,poll_2016_1,24
2432,poll_2016_3,15
2433,poll_2016_3,23
2434,poll_2016_3,11
2435,poll_2016_3,15
2436,poll_2016_3,2
2437,poll_2016_3,27
2438,poll_2016_3,8
2439,410470016022,11
2440,410470016022,65
2441,410470016022,13
2442,410470016022,23
2443,410470016022,9
2444,410470016042,29
2445,410470016022,74
2446,410470016022,297
2447,410470016022,68
2448,410470016022,219
2449,410470016022,19
2450,410470016022,39
2451,410470016022,38
2452,410470016042,82
2453,410470016042,22
2454,410470016022,69
2455,410470016022,39
2456,410470016022,4
2457,410470016022,198
2458,410470016022,73
2459,410470016022,28
2460,410470016022,243
2461,410470016022,145
2462,410470016022,50
2463,410470016022,301
2464,410470016022,2
2465,410470016022,205
2466,410470016022,63
2467,410470016022,46
2468,410470016022,199
2469,410470016022,28
2470,410470016022,21
2471,410470016022,168
2472,410470016022,696
2473,410470016022,15
2474,410470016022,17
2475,poll_2016_6,2
2476,410470016022,24
2477,poll_2016_6,21
2478,poll_2016_6,63
2479,410470016022,15
2480,410470016022,25
2481,410470016022,45
2482,410470016022,14
2483,410470016022,198
2484,410470016022,18
2485,poll_2016_6,306
2486,poll_2016_6,31
2487,poll_2016_6,24
2488,poll_2016_6,144
2489,poll_2016_6,215
2490,poll_2016_6,2
2491,poll_2016_6,57
2492,poll_2016_6,139
2493,poll_2016_6,11
2494,poll_2016_6,110
2495,410470016022,155
2496,410470016022,246
2497,poll_2016_6,54
2498,410470016042,45
2499,410470016042,734
2500,410470016042,35
2501,410470016042,19
2502,410470016042,110
2503,410470016042,57
2504,410470016042,60
2505,410470016042,425
2506,410470016042,58
2507,410470016042,62
2508,410470016042,272
2509,poll_2016_6,195
2510,poll_2016_6,33
2511,poll_2016_6,11
2512,poll_2016_6,4
2513,410470016042,9
2514,poll_2016_6,153
2515,poll_2016_6,27
2516,410470016042,60
2517,410470016042,31
2518,410470016042,21
2519,poll_2016_6,83
2520,poll_2016_6,2
2521,poll_2016_6,109
2522,410470016042,16
2523,410470016042,52
2524,410470016042,105
2525,410470016042,118
2526,410470016042,324
2527,poll_2016_6,64
2528,poll_2016_6,106
2529,poll_2016_6,51
2530,poll_2016_6,214
2531,410470016042,322
2532,410470016042,315
2533,poll_2016_1,322
2534,poll_2016_6,288
2535,poll_2016_1,11
2536,poll_2016_1,42
2537,poll_2016_1,23
2538,poll_2016_1,76
2539,poll_2016_6,32
2540,poll_2016_1,862
2541,poll_2016_1,99
2542,school_523,237
2543,poll_2016_1,17
2544,school_523,2
2545,poll_2016_3,45
2546,poll_2016_3,64
2547,school_523,77
2548,school_523,29
2549,school_523,21
2550,school_523,98
2551,school_523,51
2552,school_523,113
2553,school_523,63
2554,school_523,23
2555,school_523,33
2556,school_523,10
2557,school_523,13
2558,school_523,42
2559,410470021022,28
2560,410470021022,153
2561,poll_2016_4,7
2562,school_523,602
2563,410470021022,111
2564,410470021022,40
2565,410470021022,198
2566,poll_2016_3,11
2567,poll_2016_3,36
2568,poll_2016_3,13
2569,poll_2016_3,23
2570,poll_2016_4,194
2571,poll_2016_4,128
2572,poll_2016_4,66
2573,poll_2016_4,90
2574,poll_2016_4,48
2575,poll_2016_4,10
2576,poll_2016_4,36
2577,poll_2016_4,560
2578,poll_2016_4,422
2579,poll_2016_4,374
2580,poll_2016_4,393
2581,poll_2016_4,125
2582,poll_2016_4,109
2583,poll_2016_4,13
2584,410470021022,22
2585,school_523,177
2586,410470021022,128
2587,school_523,138
2588,410470021022,154
2589,school_523,12
2590,410470021022,41
2591,410470021022,78
2592,410470021022,129
2593,410470021022,94
2594,poll_2016_4,64
2595,poll_2016_4,34
2596,school_523,72
2597,410470021022,325
2598,school_523,176
2599,poll_2016_3,64
2600,poll_2016_3,49
2601,poll_2016_3,5
2602,poll_2016_3,4
2603,poll_2016_3,132
2604,poll_2016_3,21
2605,poll_2016_3,2
2606,poll_2016_3,2
2607,poll_2016_4,43
2608,poll_2016_4,94
2609,poll_2016_3,7
2610,poll_2016_3,3
2611,poll_2016_3,16
2612,poll_2016_6,56
2613,poll_2016_6,72
2614,poll_2016_6,331
2615,410470016042,162
2616,410470016022,100
2617,410470016042,124
2618,410470016022,166
2619,410470016022,148
2620,410470016022,81
2621,poll_2016_6,64
2622,poll_2016_6,5
2623,poll_2016_6,5
2624,poll_2016_6,6
2625,410470016042,30
2626,410470016042,30
2627,poll_2016_6,143
2628,poll_2016_6,7
2629,poll_2016_6,9
2630,poll_2016_6,5
2631,poll_2016_6,2
2632,poll_2016_6,52
2633,school_523,36
2634,poll_2016_6,13
2635,school_523,130
2636,school_523,71
2637,school_523,10
2638,school_523,12
2639,school_523,5
2640,school_523,20
2641,school_523,61
2642,school_523,5
2643,school_523,12
2644,school_523,32
2645,school_523,53
2646,school_523,12
2647,school_523,37
2648,poll_2016_6,8
2649,poll_2016_6,13
2650,poll_2016_4,138
2651,poll_2016_4,265
2652,school_523,384
2653,school_523,11
2654,poll_2016_1,94
2655,poll_2016_1,15
2656,poll_2016_1,57
2657,poll_2016_1,72
2658,poll_2016_3,23
2659,poll_2016_3,65
2660,poll_2016_3,76
2661,poll_2016_3,49
2662,poll_2016_3,256
2663,poll_2016_3,7
2664,poll_2016_3,26
2665,poll_2016_3,32
2666,poll_2016_1,99
2667,poll_2016_1,58
2668,poll_2016_3,47
2669,poll_2016_3,5
2670,poll_2016_3,42
2671,poll_2016_1,2
2672,poll_2016_1,79
2673,poll_2016_1,159
2674,poll_2016_1,42
2675,poll_2016_3,147
2676,poll_2016_1,463
2677,poll_2016_1,4
2678,poll_2016_1,178
2679,poll_2016_3,300
2680,poll_2016_1,34
2681,poll_2016_1,177
2682,poll_2016_4,7
2683,poll_2016_1,74
2684,poll_2016_3,60
2685,poll_2016_3,224
2686,poll_2016_3,98
2687,poll_2016_3,13
2688,poll_2016_3,2
2689,poll_2016_3,64
2690,poll_2016_3,20
2691,poll_2016_3,28
2692,poll_2016_1,12
2693,poll_2016_1,52
2694,poll_2016_1,9
2695,poll_2016_1,4
2696,poll_2016_1,120
2697,poll_2016_1,15
2698,poll_2016_1,5
2699,poll_2016_1,2
2700,poll_2016_1,99
2701,poll_2016_1,24
2702,poll_2016_1,3
2703,poll_2016_1,126
2704,poll_2016_1,3
2705,poll_2016_1,105
2706,poll_2016_1,87
2707,poll_2016_1,3
2708,poll_2016_1,8
2709,poll_2016_1,18
2710,poll_2016_1,1
2711,poll_2016_1,66
2712,poll_2016_1,29
2713,poll_2016_1,22
2714,poll_2016_1,149
2715,poll_2016_1,155
2716,poll_2016_1,37
2717,poll_2016_1,36
2718,poll_2016_1,31
2719,poll_2016_1,48
2720,poll_2016_1,23
2721,poll_2016_1,73
2722,poll_2016_1,11
2723,poll_2016_1,72
2724,poll_2016_1,21
2725,poll_2016_1,52
2726,poll_2016_1,49
2727,poll_2016_1,40
2728,poll_2016_1,15
2729,poll_2016_1,9
2730,poll_2016_1,24
2731,poll_2016_1,20
2732,poll_2016_1,184
2733,poll_2016_1,37
2734,poll_2016_1,141
2735,poll_2016_1,28
2736,410470016022,58
2737,poll_2016_1,47
2738,410470016022,332
2739,poll_2016_1,72
2740,410470016042,58
2741,410470016042,37
2742,410470016042,45
2743,410470016042,228
2744,410470016042,107
2745,410470016042,36
2746,410470016042,54
2747,410470016042,25
2748,410470016042,42
2749,410470016042,41
2750,410470016022,323
2751,poll_2016_1,25
2752,poll_2016_1,26
2753,poll_2016_1,65
2754,poll_2016_1,24
2755,poll_2016_1,45
2756,poll_2016_1,17
2757,poll_2016_1,32
2758,poll_2016_1,21
2759,poll_2016_1,179
2760,poll_2016_1,51
2761,poll_2016_1,98
2762,poll_2016_1,41
2763,410470016042,26
2764,410470016042,16
2765,410470016042,71
2766,poll_2016_3,30
2767,410470016042,24
2768,410470016042,53
2769,410470016042,97
2770,poll_2016_1,39
2771,poll_2016_1,63
2772,poll_2016_1,25
2773,poll_2016_1,10
2774,poll_2016_3,67
2775,poll_2016_3,329
2776,poll_2016_1,36
2777,poll_2016_1,8
2778,poll_2016_1,60
2779,poll_2016_1,36
2780,poll_2016_1,25
2781,poll_2016_1,72
2782,poll_2016_1,16
2783,poll_2016_1,47
2784,poll_2016_1,15
2785,poll_2016_1,132
2786,poll_2016_3,23
2787,poll_2016_3,36
2788,poll_2016_3,30
2789,poll_2016_3,28
2790,poll_2016_3,20
2791,poll_2016_1,1
2792,poll_2016_1,57
2793,poll_2016_1,47
2794,poll_2016_1,12
2795,poll_2016_3,7
2796,poll_2016_3,9
2797,poll_2016_3,166
2798,poll_2016_1,284
2799,poll_2016_1,47
2800,poll_2016_1,202
2801,poll_2016_3,4
2802,poll_2016_3,30
2803,poll_2016_3,56
2804,poll_2016_3,58
2805,poll_2016_3,24
2806,poll_2016_3,33
2807,poll_2016_3,47
2808,poll_2016_3,17
2809,poll_2016_3,161
2810,poll_2016_3,56
2811,poll_2016_3,26
2812,poll_2016_3,16
2813,poll_2016_3,12
2814,poll_2016_3,24
2815,poll_2016_3,29
2816,poll_2016_1,143
2817,poll_2016_3,28
2818,poll_2016_3,74
2819,poll_2016_3,20
2820,poll_2016_3,20
2821,poll_2016_3,48
2822,poll_2016_3,54
2823,poll_2016_3,50
2824,poll_2016_3,113
2825,poll_2016_1,22
2826,poll_2016_1,21
2827,poll_2016_3,2
2828,poll_2016_3,14
2829,poll_2016_3,14
2830,poll_2016_3,19
2831,poll_2016_3,23
2832,poll_2016_3,56
2833,poll_2016_3,45
2834,poll_2016_3,20
2835,410470016022,106
2836,410470016022,86
2837,410470016022,156
2838,410470016022,78
2839,410470016022,14
2840,410470016022,15
2841,410470016022,62
2842,410470016022,83
2843,410470016022,157
2844,410470016022,42
2845,410470016022,56
2846,410470016022,38
2847,410470016022,72
2848,410470016022,11
2849,410470016022,62
2850,410470016022,51
2851,410470016022,17
2852,poll_2016_1,26
2853,410470016022,42
2854,poll_2016_1,10
2855,poll_2016_1,38
2856,poll_2016_1,79
2857,poll_2016_1,30
2858,410470016022,78
2859,410470016022,193
2860,410470016042,22
2861,410470016042,32
2862,410470016022,61
2863,410470016022,30
2864,410470016022,262
2865,410470016022,47
2866,410470016022,401
2867,410470016022,20
2868,410470016022,101
2869,410470016022,230
2870,410470016022,102
2871,410470016022,140
2872,410470016022,16
2873,410470016022,71
2874,410470016022,47
2875,410470016022,14
2876,410470016022,14
2877,410470016022,111
2878,410470016022,3
2879,poll_2016_6,118
2880,410470016022,44
2881,410470016022,72
2882,poll_2016_6,65
2883,410470016022,25
2884,410470016022,183
2885,410470016022,76
2886,410470016022,189
2887,410470016022,33
2888,410470016022,553
2889,poll_2016_6,173
2890,poll_2016_6,76
2891,410470016022,50
2892,410470016022,54
2893,410470016022,817
2894,410470016022,344
2895,poll_2016_6,46
2896,poll_2016_6,107
2897,poll_2016_6,126
2898,poll_2016_6,273
2899,410470016042,738
2900,410470016042,49
2901,410470016042,654
2902,410470016042,2
2903,410470016042,183
2904,poll_2016_6,180
2905,poll_2016_6,156
2906,410470016042,399
2907,poll_2016_6,49
2908,poll_2016_6,31
2909,410470016042,9
2910,410470016042,143
2911,410470016042,81
2912,410470016042,397
2913,410470016042,29
2914,410470016042,57
2915,410470016042,268
2916,410470016042,171
2917,410470016042,233
2918,410470016042,2
2919,poll_2016_6,36
2920,410470016042,1776
2921,410470016042,216
2922,poll_2016_6,190
2923,poll_2016_6,153
2924,410470016042,17
2925,410470016042,137
2926,410470016042,2
2927,410470016042,21
2928,410470016042,23
2929,410470016042,72
2930,410470016042,23
2931,410470016042,190
2932,410470016042,60
2933,410470016042,20
2934,poll_2016_6,122
2935,poll_2016_6,466
2936,poll_2016_1,73
2937,poll_2016_1,91
2938,poll_2016_1,60
2939,poll_2016_6,27
2940,poll_2016_6,37
2941,poll_2016_1,39
2942,poll_2016_1,154
2943,poll_2016_1,48
2944,school_523,68
2945,school_523,56
2946,poll_2016_3,49
2947,school_523,240
2948,school_523,98
2949,school_523,271
2950,school_523,44
2951,school_523,218
2952,school_523,310
2953,school_523,35
2954,school_523,20
2955,school_523,19
2956,school_523,178
2957,school_523,12
2958,school_523,18
2959,poll_2016_3,278
2960,poll_2016_3,70
2961,school_523,17
2962,poll_2016_4,39
2963,410470021022,68
2964,410470021022,66
2965,poll_2016_4,465
2966,410470021022,65
2967,poll_2016_3,172
2968,poll_2016_3,38
2969,poll_2016_3,12
2970,poll_2016_4,68
2971,poll_2016_4,188
2972,poll_2016_4,15
2973,poll_2016_4,24
2974,poll_2016_4,38
2975,poll_2016_4,146
2976,poll_2016_4,44
2977,poll_2016_4,52
2978,poll_2016_4,63
2979,poll_2016_4,76
2980,poll_2016_4,274
2981,poll_2016_4,4
2982,410470021022,432
2983,school_523,126
2984,school_523,61
2985,school_523,6
2986,school_523,28
2987,410470021022,87
2988,poll_2016_4,14
2989,poll_2016_4,3
2990,school_523,201
2991,school_523,109
2992,poll_2016_3,5
2993,poll_2016_3,2
2994,poll_2016_3,53
2995,poll_2016_3,12
2996,poll_2016_3,2
2997,poll_2016_3,41
2998,poll_2016_3,11
2999,poll_2016_4,102
3000,poll_2016_4,8
3001,poll_2016_4,7
3002,poll_2016_4,25
3003,poll_2016_3,7
3004,poll_2016_3,1
3005,poll_2016_3,12
3006,poll_2016_6,38
3007,poll_2016_6,279
3008,410470016042,190
3009,410470016042,26
3010,410470016042,37
3011,410470016022,84
3012,410470016022,67
3013,410470016022,66
3014,410470016022,25
3015,poll_2016_6,1
3016,410470016042,23
3017,410470016042,4
3018,410470016042,10
3019,poll_2016_6,25
3020,410470016042,18
3021,410470016022,49
3022,poll_2016_6,16
3023,poll_2016_6,23
3024,410470016042,59
3025,410470016042,8
3026,poll_2016_1,24
3027,poll_2016_6,2
3028,school_523,33
3029,school_523,32
3030,school_523,17
3031,school_523,2
3032,school_523,19
3033,school_523,21
3034,school_523,294
3035,school_523,19
3036,school_523,265
3037,school_523,10
3038,school_523,7
3039,poll_2016_6,58
3040,poll_2016_6,23
3041,poll_2016_6,102
3042,poll_2016_6,20
3043,poll_2016_6,12
3044,poll_2016_6,207
3045,poll_2016_6,114
3046,poll_2016_4,2
3047,school_523,4
3048,poll_2016_4,13
3049,school_523,143
3050,poll_2016_4,2
3051,poll_2016_4,97
3052,poll_2016_4,17
3053,poll_2016_1,74
3054,poll_2016_1,62
3055,poll_2016_1,54
3056,poll_2016_1,34
3057,poll_2016_1,18
3058,poll_2016_1,8
3059,poll_2016_3,51
3060,poll_2016_1,122
3061,poll_2016_3,40
3062,poll_2016_3,32
3063,poll_2016_1,56
3064,poll_2016_1,30
3065,poll_2016_1,11
3066,poll_2016_1,34
3067,poll_2016_3,23
3068,poll_2016_1,14
3069,poll_2016_3,5
3070,poll_2016_1,131
3071,poll_2016_1,9
3072,poll_2016_1,29
3073,poll_2016_1,18
3074,poll_2016_1,16
3075,poll_2016_1,92
3076,poll_2016_1,20
3077,poll_2016_1,113
3078,poll_2016_1,95
3079,poll_2016_1,99
3080,poll_2016_1,33
3081,poll_2016_3,17
3082,poll_2016_1,73
3083,poll_2016_1,31
3084,poll_2016_1,2
3085,poll_2016_3,23
3086,poll_2016_3,73
3087,poll_2016_3,11
3088,poll_2016_3,3
3089,poll_2016_3,2
3090,poll_2016_3,10
3091,poll_2016_3,39
3092,poll_2016_3,6
3093,poll_2016_3,19
3094,poll_2016_1,270
3095,poll_2016_1,29
3096,poll_2016_3,1
3097,poll_2016_1,50
3098,poll_2016_1,66
3099,poll_2016_1,30
3100,poll_2016_1,20
3101,poll_2016_1,14
