Branch Name,Associated Milestone,Status,Merge notes,Author,Final action
ARCHIVE/original_code,,merged,dev/main,Susama Agarwala,Keep
OSM_GMaps_Compare,,not merged,open PR #56,jmlar,Keep
delivery/Monongalia_County,Monongalia County precinct extraction & distance flagging,epic branch,,Amasus,Keep
delivery/Tarrant_County_2026,,not merged,open PR #366,Amasus,Keep
dev,,TRUNK,dev,-,Keep
feature/279-distance-data-census-type,CVAP integration,not merged,,abd1tus,Keep
feature/340-precinct-snapshot-upload,Monongalia County precinct extraction & distance flagging,not merged,open PR #343,abd1tus,Keep
feature/CVAP,CVAP integration,epic branch,open PR #198,Amasus,Keep
feature/OSM_GMaps_compare,,not merged,,Susama,Keep
feature/RDH-pop,RDH block-level population data: evaluation and integration,not merged,,Amasus,Keep
feature/add_config,epic-driving-time-metric,not merged,,Amasus,Keep
feature/docker-backup,,not merged,backup of feature/docker,Susama,DECIDE
feature/driving-time-metric,epic-driving-time-metric,epic branch,,Amasus,Keep
feature/generalize_storage.R,Monongalia County precinct extraction & distance flagging,not merged,open PR #332,Amasus,Keep
feature/modular-distance-calculations,,not merged,open PR #54,orthorhombic,Keep
fix/333-share-block-destination-resolution,Monongalia County precinct extraction & distance flagging,not merged,open PR #368,Amasus,Keep
fix/335-manifest-tree-relative,Monongalia County precinct extraction & distance flagging,not merged,open PR #341,abd1tus,Keep
fix/na-blank-normalization,Monongalia County precinct extraction & distance flagging,not merged,open PR #334,antisocialscientist,Keep
fix/precinct-nearest-neighbor-drift,Monongalia County precinct extraction & distance flagging,not merged,PR #330 closed unmerged; superseded by #333,antisocialscientist,Delete
fix/secret-tests-env-isolation,,not merged,open PR #363,abd1tus,Keep
main,,TRUNK,main,-,Keep
